<?xml version="1.0" encoding="utf-8"?>
<!--
/**
 * @copyright	Copyright (c) 2014 traffic. All rights reserved.
 * @license		GNU General Public License version 2 or later; see LICENSE.txt
 */
-->
<extension type="plugin" version="3.0" group="system" method="upgrade">
	<name>plg_system_traffic</name>
	<author></author>
	<creationDate>April 2014</creationDate>
	<copyright>Copyright (c) 2014 traffic. All rights reserved.</copyright>
	<license>GNU General Public License version 2 or later; see LICENSE.txt</license>
	<authorEmail></authorEmail>
	<authorUrl></authorUrl>
	<version>1.0.0</version>
	<description>
	<![CDATA[
		traffic optimization joining all the css into 1 file and also for the js files.
	]]>
	</description>

	<files>
		<filename plugin="traffic">traffic.php</filename>
		<filename>index.html</filename>
	</files>

	<languages>
		<language tag="en-GB">en-GB.plg_system_traffic.ini</language>
		<language tag="en-GB">en-GB.plg_system_traffic.sys.ini</language>
	</languages>

	<config>
		<fields name="params">
			<fieldset name="basic">

			</fieldset>
		</fields>
	</config>
</extension>